{"train/loss_rpn_cls": 0.022580769145861268, "train/loss_rpn_bbox": 0.022508075833320616, "train/loss_cls": 0.17090927734971045, "train/acc": 94.23828125, "train/loss_bbox": 0.19381615556776524, "train/loss": 0.40981427729129793, "train/grad_norm": 1.8188858509063721, "learning_rate": 0.00020000000000000004, "momentum": 0.9, "_timestamp": 1669100061.507662, "_runtime": 2827.9102301597595, "_step": 11739, "_wandb": {"runtime": 2834}}